2,0.000000e+00,0.000000e+00,0.000000e+00,0.000000e+00
3,5.832199e-02,7.042588e-02,3.648731e-01,1.666795e-01
4,5.162695e-02,6.278030e-02,2.298022e-01,1.324436e-01
5,5.091335e-02,5.941492e-02,1.660937e-01,1.173002e-01
6,5.096643e-02,5.809109e-02,1.361188e-01,1.091071e-01
7,5.099500e-02,5.776014e-02,1.202813e-01,1.033220e-01
8,5.090181e-02,5.779300e-02,1.103153e-01,9.867249e-02
9,5.068998e-02,5.790429e-02,1.031552e-01,9.480446e-02
10,5.039184e-02,5.800776e-02,9.761314e-02,9.154712e-02
11,4.998993e-02,5.804046e-02,9.313821e-02,8.875839e-02
12,4.944848e-02,5.799614e-02,8.942061e-02,8.633083e-02
13,4.893566e-02,5.800054e-02,8.626316e-02,8.421829e-02
14,4.848492e-02,5.805812e-02,8.353237e-02,8.236688e-02
15,4.808683e-02,5.815528e-02,8.113425e-02,8.073094e-02
16,4.773633e-02,5.828458e-02,7.900098e-02,7.927556e-02
17,4.742918e-02,5.844049e-02,7.708249e-02,7.797323e-02
18,4.716117e-02,5.861844e-02,7.534108e-02,7.680188e-02
19,4.688676e-02,5.877867e-02,7.374779e-02,7.573494e-02
20,4.661519e-02,5.893701e-02,7.227981e-02,7.476051e-02
21,4.638622e-02,5.912412e-02,7.091904e-02,7.387464e-02
22,4.619055e-02,5.933124e-02,6.965090e-02,7.306585e-02
23,4.602360e-02,5.955417e-02,6.846356e-02,7.232518e-02
24,4.587512e-02,5.978607e-02,6.734725e-02,7.164442e-02
25,4.574203e-02,6.002594e-02,6.629387e-02,7.101761e-02
26,4.563496e-02,6.027597e-02,6.529660e-02,7.043972e-02
27,4.551527e-02,6.050685e-02,6.434965e-02,6.989843e-02
28,4.541204e-02,6.074405e-02,6.344799e-02,6.939606e-02
29,4.531477e-02,6.098259e-02,6.258729e-02,6.892784e-02
30,4.524473e-02,6.123500e-02,6.176378e-02,6.849403e-02
31,4.519240e-02,6.149350e-02,6.097420e-02,6.809010e-02
32,4.515364e-02,6.175497e-02,6.021570e-02,6.771292e-02
33,4.512586e-02,6.201739e-02,5.948577e-02,6.735985e-02
34,4.508759e-02,6.226423e-02,5.878219e-02,6.702451e-02
35,4.503937e-02,6.249770e-02,5.810295e-02,6.670487e-02
36,4.500441e-02,6.273430e-02,5.744626e-02,6.640340e-02
37,4.497985e-02,6.297032e-02,5.681048e-02,6.611713e-02
38,4.495695e-02,6.319931e-02,5.619418e-02,6.584211e-02
39,4.493878e-02,6.342308e-02,5.559602e-02,6.557629e-02
40,4.493257e-02,6.364292e-02,5.501483e-02,6.531706e-02
41,4.492217e-02,6.384513e-02,5.444954e-02,6.505746e-02
42,4.489978e-02,6.402324e-02,5.389917e-02,6.479178e-02
43,4.487697e-02,6.418412e-02,5.336281e-02,6.451836e-02
44,4.485109e-02,6.432477e-02,5.283964e-02,6.423288e-02
45,4.483278e-02,6.444947e-02,5.232888e-02,6.393381e-02
46,4.481628e-02,6.455240e-02,5.182986e-02,6.361714e-02
47,4.479907e-02,6.463070e-02,5.134196e-02,6.328043e-02
48,4.477375e-02,6.467833e-02,5.086461e-02,6.292118e-02
49,4.473208e-02,6.468973e-02,5.039732e-02,6.253760e-02
50,4.467496e-02,6.466712e-02,4.993960e-02,6.213089e-02
51,4.462281e-02,6.462354e-02,4.949103e-02,6.170675e-02
52,4.456694e-02,6.455370e-02,4.905124e-02,6.126588e-02
53,4.450191e-02,6.445631e-02,4.861987e-02,6.081054e-02
54,4.443796e-02,6.433876e-02,4.819662e-02,6.034612e-02
55,4.436720e-02,6.419688e-02,4.778120e-02,5.987442e-02
56,4.427867e-02,6.402492e-02,4.737338e-02,5.939639e-02
57,4.418313e-02,6.383246e-02,4.697292e-02,5.891737e-02
58,4.407508e-02,6.361751e-02,4.657961e-02,5.843884e-02
59,4.396461e-02,6.338863e-02,4.619325e-02,5.796548e-02
60,4.385061e-02,6.314589e-02,4.581366e-02,5.749886e-02
61,4.373135e-02,6.288933e-02,4.544069e-02,5.704007e-02
62,4.360380e-02,6.261805e-02,4.507417e-02,5.658950e-02
63,4.345561e-02,6.232539e-02,4.471397e-02,5.614524e-02
64,4.329955e-02,6.202025e-02,4.435995e-02,5.570989e-02
65,4.313893e-02,6.170570e-02,4.401198e-02,5.528421e-02
66,4.297326e-02,6.138194e-02,4.366995e-02,5.486800e-02
67,4.279614e-02,6.104579e-02,4.333372e-02,5.445971e-02
68,4.261741e-02,6.070427e-02,4.300318e-02,5.406121e-02
69,4.243310e-02,6.035480e-02,4.267824e-02,5.367117e-02
70,4.223365e-02,5.999126e-02,4.235877e-02,5.328699e-02
71,4.202383e-02,5.961792e-02,4.204470e-02,5.290924e-02
72,4.180648e-02,5.923739e-02,4.173591e-02,5.253823e-02
73,4.158177e-02,5.885078e-02,4.143231e-02,5.217372e-02
74,4.135459e-02,5.846165e-02,4.113380e-02,5.181637e-02
75,4.112204e-02,5.806869e-02,4.084029e-02,5.146514e-02
76,4.088453e-02,5.767273e-02,4.055169e-02,5.111958e-02
77,4.063308e-02,5.726841e-02,4.026793e-02,5.077699e-02
78,4.037848e-02,5.686306e-02,3.998891e-02,5.043851e-02
79,4.011846e-02,5.645559e-02,3.971455e-02,5.010241e-02
80,3.985820e-02,5.604981e-02,3.944477e-02,4.976856e-02
81,3.959330e-02,5.564315e-02,3.917949e-02,4.943445e-02
82,3.932669e-02,5.523834e-02,3.891864e-02,4.909917e-02
83,3.906094e-02,5.483661e-02,3.866213e-02,4.876112e-02
84,3.878895e-02,5.443284e-02,3.840990e-02,4.841652e-02
85,3.851210e-02,5.402828e-02,3.816187e-02,4.806342e-02
86,3.823628e-02,5.362707e-02,3.791797e-02,4.770097e-02
87,3.795732e-02,5.322639e-02,3.767814e-02,4.732616e-02
88,3.768105e-02,5.283041e-02,3.744229e-02,4.693843e-02
89,3.740796e-02,5.243923e-02,3.721036e-02,4.653615e-02
90,3.713944e-02,5.205317e-02,3.698229e-02,4.611799e-02
91,3.686758e-02,5.166703e-02,3.675802e-02,4.568120e-02
92,3.659688e-02,5.128435e-02,3.653747e-02,4.522612e-02
93,3.633018e-02,5.090670e-02,3.632059e-02,4.475293e-02
94,3.606969e-02,5.053596e-02,3.610731e-02,4.426241e-02
95,3.581670e-02,5.017305e-02,3.589759e-02,4.375548e-02
96,3.556744e-02,4.981614e-02,3.569134e-02,4.323259e-02
97,3.532723e-02,4.946940e-02,3.548853e-02,4.269655e-02
98,3.509323e-02,4.913069e-02,3.528909e-02,4.214844e-02
99,3.486581e-02,4.880092e-02,3.509297e-02,4.159054e-02
100,3.464566e-02,4.848121e-02,3.490010e-02,4.102547e-02
101,3.443755e-02,4.817527e-02,3.471044e-02,4.045700e-02
102,3.423674e-02,4.788061e-02,3.452393e-02,3.988697e-02
103,3.404825e-02,4.760141e-02,3.434051e-02,3.931949e-02
104,3.387480e-02,4.733906e-02,3.416012e-02,3.875783e-02
105,3.371192e-02,4.709064e-02,3.398270e-02,3.820367e-02
106,3.355732e-02,4.685514e-02,3.380819e-02,3.765918e-02
107,3.341642e-02,4.663652e-02,3.363654e-02,3.712816e-02
108,3.328783e-02,4.643341e-02,3.346767e-02,3.661239e-02
109,3.317432e-02,4.624765e-02,3.330151e-02,3.611460e-02
110,3.307535e-02,4.607846e-02,3.313801e-02,3.563637e-02
111,3.298749e-02,4.592350e-02,3.297708e-02,3.517847e-02
112,3.291200e-02,4.578337e-02,3.281866e-02,3.474248e-02
113,3.284753e-02,4.565629e-02,3.266266e-02,3.432877e-02
114,3.279472e-02,4.554227e-02,3.250902e-02,3.393810e-02
115,3.275262e-02,4.544020e-02,3.235764e-02,3.357055e-02
116,3.272317e-02,4.535064e-02,3.220844e-02,3.322666e-02
117,3.270059e-02,4.526936e-02,3.206133e-02,3.290482e-02
118,3.268860e-02,4.519852e-02,3.191624e-02,3.260566e-02
119,3.268854e-02,4.513739e-02,3.177306e-02,3.232865e-02
120,3.269544e-02,4.508177e-02,3.163170e-02,3.207147e-02
121,3.270730e-02,4.502989e-02,3.149208e-02,3.183256e-02
122,3.272586e-02,4.498259e-02,3.135410e-02,3.161125e-02
123,3.275016e-02,4.493805e-02,3.121767e-02,3.140579e-02
124,3.278089e-02,4.489612e-02,3.108268e-02,3.121489e-02
125,3.281703e-02,4.485518e-02,3.094905e-02,3.103665e-02
126,3.285532e-02,4.481248e-02,3.081668e-02,3.086862e-02
127,3.289336e-02,4.476611e-02,3.068546e-02,3.070862e-02
128,3.293305e-02,4.471651e-02,3.055532e-02,3.055541e-02
129,3.297384e-02,4.466272e-02,3.042616e-02,3.040722e-02
130,3.301372e-02,4.460304e-02,3.029788e-02,3.026199e-02
131,3.305336e-02,4.453747e-02,3.017040e-02,3.011843e-02
132,3.309000e-02,4.446392e-02,3.004362e-02,2.997450e-02
133,3.312404e-02,4.438271e-02,2.991747e-02,2.982923e-02
134,3.315679e-02,4.429384e-02,2.979185e-02,2.968172e-02
135,3.318576e-02,4.419539e-02,2.966670e-02,2.953024e-02
136,3.320996e-02,4.408669e-02,2.954192e-02,2.937368e-02
137,3.322794e-02,4.396723e-02,2.941746e-02,2.921113e-02
138,3.324168e-02,4.383805e-02,2.929324e-02,2.904257e-02
139,3.325108e-02,4.369921e-02,2.916919e-02,2.886765e-02
140,3.325624e-02,4.355075e-02,2.904526e-02,2.868613e-02
141,3.325497e-02,4.339130e-02,2.892137e-02,2.849727e-02
142,3.324412e-02,4.321937e-02,2.879749e-02,2.830032e-02
143,3.322768e-02,4.303788e-02,2.867356e-02,2.809655e-02
144,3.320576e-02,4.284711e-02,2.854954e-02,2.788622e-02
145,3.317627e-02,4.264606e-02,2.842539e-02,2.766904e-02
146,3.314047e-02,4.243611e-02,2.830106e-02,2.744582e-02
147,3.309828e-02,4.221749e-02,2.817654e-02,2.721703e-02
148,3.304737e-02,4.198934e-02,2.805180e-02,2.698258e-02
149,3.299089e-02,4.175408e-02,2.792680e-02,2.674390e-02
150,3.292854e-02,4.151170e-02,2.780155e-02,2.650134e-02
151,3.285989e-02,4.126232e-02,2.767601e-02,2.625530e-02
152,3.278384e-02,4.100592e-02,2.755020e-02,2.600607e-02
153,3.270236e-02,4.074431e-02,2.742410e-02,2.575481e-02
154,3.261523e-02,4.047769e-02,2.729771e-02,2.550195e-02
155,3.252375e-02,4.020723e-02,2.717105e-02,2.524830e-02
156,3.242638e-02,3.993208e-02,2.704411e-02,2.499377e-02
157,3.232184e-02,3.965194e-02,2.691691e-02,2.473838e-02
158,3.221200e-02,3.936865e-02,2.678947e-02,2.448316e-02
159,3.209906e-02,3.908387e-02,2.666180e-02,2.422905e-02
160,3.198045e-02,3.879602e-02,2.653392e-02,2.397550e-02
161,3.185786e-02,3.850676e-02,2.640586e-02,2.372332e-02
162,3.173219e-02,3.821679e-02,2.627763e-02,2.347304e-02
163,3.159931e-02,3.792355e-02,2.614927e-02,2.322352e-02
164,3.146428e-02,3.763099e-02,2.602079e-02,2.297667e-02
165,3.132717e-02,3.733891e-02,2.589222e-02,2.273251e-02
166,3.118705e-02,3.704676e-02,2.576358e-02,2.249084e-02
167,3.104356e-02,3.675459e-02,2.563488e-02,2.225167e-02
168,3.089715e-02,3.646304e-02,2.550614e-02,2.201537e-02
169,3.074804e-02,3.617225e-02,2.537736e-02,2.178208e-02
170,3.059777e-02,3.588326e-02,2.524855e-02,2.155239e-02
171,3.044537e-02,3.559534e-02,2.511969e-02,2.132602e-02
172,3.029015e-02,3.530812e-02,2.499077e-02,2.110283e-02
173,3.013159e-02,3.502153e-02,2.486176e-02,2.088286e-02
174,2.997339e-02,3.473817e-02,2.473261e-02,2.066751e-02
175,2.981266e-02,3.445576e-02,2.460327e-02,2.045587e-02
176,2.965052e-02,3.417537e-02,2.447366e-02,2.024854e-02
177,2.948736e-02,3.389712e-02,2.434368e-02,2.004586e-02
178,2.932121e-02,3.361951e-02,2.421323e-02,1.984738e-02
179,2.915372e-02,3.334408e-02,2.408216e-02,1.965400e-02
180,2.898681e-02,3.307180e-02,2.395032e-02,1.946661e-02
181,2.881906e-02,3.280144e-02,2.381752e-02,1.928494e-02
182,2.865043e-02,3.253305e-02,2.368356e-02,1.910936e-02
183,2.847955e-02,3.226576e-02,2.354819e-02,1.893980e-02
184,2.830714e-02,3.199998e-02,2.341114e-02,1.877696e-02
185,2.813486e-02,3.173678e-02,2.327214e-02,1.862183e-02
186,2.796169e-02,3.147515e-02,2.313085e-02,1.847440e-02
187,2.778729e-02,3.121484e-02,2.298693e-02,1.833502e-02
188,2.760924e-02,3.095418e-02,2.283999e-02,1.820336e-02
189,2.743224e-02,3.069660e-02,2.268965e-02,1.808167e-02
190,2.725313e-02,3.043941e-02,2.253548e-02,1.796919e-02
191,2.707209e-02,3.018294e-02,2.237702e-02,1.786653e-02
192,2.689073e-02,2.992818e-02,2.221382e-02,1.777481e-02
193,2.670689e-02,2.967324e-02,2.204539e-02,1.769359e-02
194,2.652055e-02,2.941847e-02,2.187123e-02,1.762339e-02
195,2.633500e-02,2.916599e-02,2.169086e-02,1.756571e-02
196,2.614833e-02,2.891401e-02,2.150377e-02,1.752005e-02
197,2.596078e-02,2.866283e-02,2.130944e-02,1.748677e-02
198,2.577065e-02,2.841121e-02,2.110738e-02,1.746540e-02
199,2.557872e-02,2.815977e-02,2.089710e-02,1.745639e-02
200,2.538698e-02,2.790985e-02,2.067814e-02,1.746030e-02
201,2.519446e-02,2.766045e-02,2.045004e-02,1.747650e-02
202,2.500124e-02,2.741167e-02,2.021237e-02,1.750474e-02
203,2.480465e-02,2.716164e-02,1.996476e-02,1.754377e-02
204,2.460986e-02,2.691434e-02,1.970684e-02,1.759487e-02
205,2.441377e-02,2.666708e-02,1.943830e-02,1.765622e-02
206,2.421675e-02,2.642052e-02,1.915888e-02,1.772727e-02
207,2.402194e-02,2.617672e-02,1.886836e-02,1.780814e-02
208,2.382637e-02,2.593324e-02,1.856659e-02,1.789697e-02
209,2.363003e-02,2.569051e-02,1.825347e-02,1.799272e-02
210,2.343680e-02,2.545118e-02,1.792896e-02,1.809548e-02
211,2.324523e-02,2.521382e-02,1.759309e-02,1.820350e-02
212,2.305550e-02,2.497868e-02,1.724595e-02,1.831563e-02
213,2.286623e-02,2.474473e-02,1.688770e-02,1.843019e-02
214,2.267877e-02,2.451303e-02,1.651857e-02,1.854641e-02
215,2.249535e-02,2.428513e-02,1.613886e-02,1.866364e-02
216,2.231533e-02,2.406015e-02,1.574894e-02,1.878027e-02
217,2.213817e-02,2.383758e-02,1.534925e-02,1.889503e-02
218,2.196172e-02,2.361600e-02,1.494029e-02,1.900633e-02
219,2.178914e-02,2.339770e-02,1.452263e-02,1.911387e-02
220,2.161955e-02,2.318169e-02,1.409691e-02,1.921628e-02
221,2.145145e-02,2.296694e-02,1.366383e-02,1.931234e-02
222,2.128910e-02,2.275626e-02,1.322416e-02,1.940225e-02
223,2.113049e-02,2.254767e-02,1.277871e-02,1.948467e-02
224,2.097159e-02,2.233837e-02,1.232838e-02,1.955808e-02
225,2.081833e-02,2.213269e-02,1.187411e-02,1.962347e-02
226,2.066871e-02,2.192854e-02,1.141689e-02,1.967975e-02
227,2.052176e-02,2.172502e-02,1.095778e-02,1.972639e-02
228,2.037636e-02,2.152109e-02,1.049791e-02,1.976280e-02
229,2.023231e-02,2.131676e-02,1.003844e-02,1.978897e-02
230,2.009100e-02,2.111284e-02,9.580633e-03,1.980539e-02
231,1.995118e-02,2.090823e-02,9.125795e-03,1.981174e-02
232,1.981264e-02,2.070247e-02,8.675321e-03,1.980786e-02
233,1.967418e-02,2.049468e-02,8.230693e-03,1.979385e-02
234,1.953626e-02,2.028510e-02,7.793495e-03,1.977012e-02
235,1.939815e-02,2.007312e-02,7.365433e-03,1.973688e-02
236,1.925921e-02,1.985823e-02,6.948354e-03,1.969449e-02
237,1.911992e-02,1.964106e-02,6.544264e-03,1.964363e-02
238,1.898124e-02,1.942199e-02,6.155362e-03,1.958491e-02
239,1.884196e-02,1.920001e-02,5.784061e-03,1.951856e-02
240,1.870158e-02,1.897486e-02,5.433010e-03,1.944502e-02
241,1.856013e-02,1.874668e-02,5.105099e-03,1.936482e-02
242,1.841733e-02,1.851536e-02,4.803442e-03,1.927838e-02
243,1.827253e-02,1.828061e-02,4.531315e-03,1.918610e-02
244,1.812641e-02,1.804320e-02,4.292023e-03,1.908861e-02
245,1.797913e-02,1.780328e-02,4.088701e-03,1.898632e-02
246,1.783049e-02,1.756090e-02,3.924011e-03,1.887958e-02
247,1.768050e-02,1.731626e-02,3.799800e-03,1.876874e-02
248,1.752922e-02,1.706964e-02,3.716755e-03,1.865414e-02
249,1.737678e-02,1.682140e-02,3.674171e-03,1.853606e-02
250,1.722333e-02,1.657189e-02,3.669906e-03,1.841478e-02
251,1.706905e-02,1.632151e-02,3.700548e-03,1.829051e-02
252,1.691413e-02,1.607066e-02,3.761774e-03,1.816343e-02
253,1.675878e-02,1.581977e-02,3.848767e-03,1.803369e-02
254,1.660321e-02,1.556926e-02,3.956628e-03,1.790138e-02
255,1.644764e-02,1.531953e-02,4.080675e-03,1.776658e-02
256,1.629228e-02,1.507100e-02,4.216650e-03,1.762931e-02
257,1.613735e-02,1.482406e-02,4.360806e-03,1.748959e-02
258,1.598304e-02,1.457909e-02,4.509932e-03,1.734739e-02
259,1.582956e-02,1.433644e-02,4.661328e-03,1.720271e-02
260,1.567710e-02,1.409643e-02,4.812755e-03,1.705549e-02
261,1.552583e-02,1.385940e-02,4.962374e-03,1.690570e-02
262,1.537590e-02,1.362559e-02,5.108693e-03,1.675330e-02
263,1.522745e-02,1.339526e-02,5.250510e-03,1.659825e-02
264,1.508060e-02,1.316861e-02,5.386869e-03,1.644052e-02
265,1.493547e-02,1.294582e-02,5.517017e-03,1.628009e-02
266,1.479213e-02,1.272702e-02,5.640371e-03,1.611694e-02
267,1.465039e-02,1.251210e-02,5.756493e-03,1.595101e-02
268,1.451086e-02,1.230171e-02,5.865062e-03,1.578243e-02
269,1.437288e-02,1.209516e-02,5.965856e-03,1.561079e-02
270,1.423511e-02,1.189135e-02,6.058739e-03,1.543533e-02
271,1.410068e-02,1.169360e-02,6.143644e-03,1.525736e-02
272,1.396914e-02,1.150140e-02,6.220562e-03,1.507697e-02
273,1.384030e-02,1.131419e-02,6.289536e-03,1.489445e-02
274,1.371389e-02,1.113155e-02,6.350648e-03,1.471010e-02
275,1.358968e-02,1.095315e-02,6.404020e-03,1.452426e-02
276,1.346751e-02,1.077869e-02,6.449804e-03,1.433715e-02
277,1.334729e-02,1.060802e-02,6.488177e-03,1.414896e-02
278,1.322891e-02,1.044099e-02,6.519334e-03,1.395984e-02
279,1.311227e-02,1.027743e-02,6.543482e-03,1.376994e-02
280,1.299640e-02,1.011618e-02,6.560842e-03,1.357915e-02
281,1.288229e-02,9.958656e-03,6.571642e-03,1.338781e-02
282,1.276919e-02,9.804078e-03,6.576121e-03,1.319642e-02
283,1.265724e-02,9.652430e-03,6.574522e-03,1.300496e-02
284,1.254700e-02,9.503837e-03,6.567093e-03,1.281392e-02
285,1.243534e-02,9.355025e-03,6.554082e-03,1.262234e-02
286,1.232326e-02,9.206843e-03,6.535741e-03,1.243084e-02
287,1.221581e-02,9.065019e-03,6.512327e-03,1.224132e-02
288,1.211148e-02,8.927323e-03,6.484101e-03,1.205360e-02
289,1.200934e-02,8.792658e-03,6.451321e-03,1.186773e-02
290,1.190840e-02,8.659896e-03,6.414245e-03,1.168373e-02
291,1.180910e-02,8.529927e-03,6.373127e-03,1.150237e-02
292,1.171182e-02,8.403055e-03,6.328217e-03,1.132420e-02
293,1.161448e-02,8.276513e-03,6.279763e-03,1.114857e-02
294,1.151832e-02,8.152068e-03,6.228000e-03,1.097602e-02
295,1.142462e-02,8.030894e-03,6.173156e-03,1.080718e-02
296,1.133242e-02,7.911695e-03,6.115455e-03,1.064188e-02
297,1.123757e-02,7.789744e-03,6.055114e-03,1.047872e-02
298,1.114531e-02,7.671417e-03,5.992343e-03,1.031941e-02
299,1.105592e-02,7.556732e-03,5.927346e-03,1.016415e-02
300,1.096519e-02,7.440416e-03,5.860318e-03,1.001160e-02
301,1.087574e-02,7.326250e-03,5.791447e-03,9.862584e-03
302,1.078486e-02,7.210340e-03,5.720914e-03,9.716432e-03
303,1.069483e-02,7.095952e-03,5.648892e-03,9.573753e-03
304,1.060885e-02,6.986627e-03,5.575552e-03,9.435469e-03
305,1.052540e-02,6.880104e-03,5.501053e-03,9.301117e-03
306,1.044250e-02,6.773992e-03,5.425551e-03,9.170080e-03
307,1.036134e-02,6.670115e-03,5.349191e-03,9.042721e-03
308,1.028221e-02,6.568564e-03,5.272117e-03,8.919207e-03
309,1.020487e-02,6.469182e-03,5.194466e-03,8.799496e-03
310,1.012884e-02,6.371383e-03,5.116370e-03,8.683442e-03
311,1.005396e-02,6.275021e-03,5.037959e-03,8.570961e-03
312,9.978043e-03,6.177429e-03,4.959356e-03,8.461216e-03
313,9.904114e-03,6.082818e-03,4.880677e-03,8.355096e-03
314,9.832276e-03,5.990944e-03,4.802034e-03,8.252564e-03
315,9.761954e-03,5.901030e-03,4.723535e-03,8.153307e-03
316,9.692947e-03,5.812871e-03,4.645277e-03,8.057118e-03
317,9.625169e-03,5.726421e-03,4.567357e-03,7.963824e-03
318,9.556893e-03,5.639482e-03,4.489863e-03,7.872686e-03
319,9.489096e-03,5.553826e-03,4.412878e-03,7.783976e-03
320,9.423958e-03,5.472018e-03,4.336479e-03,7.698327e-03
321,9.360683e-03,5.392775e-03,4.260740e-03,7.615356e-03
322,9.298480e-03,5.314920e-03,4.185727e-03,7.534685e-03
323,9.237956e-03,5.239617e-03,4.111503e-03,7.456472e-03
324,9.176485e-03,5.163275e-03,4.038123e-03,7.379678e-03
325,9.117110e-03,5.090393e-03,3.965640e-03,7.305309e-03
326,9.059703e-03,5.020437e-03,3.894104e-03,7.233271e-03
327,9.003208e-03,4.951878e-03,3.823559e-03,7.163132e-03
328,8.944659e-03,4.880569e-03,3.754048e-03,7.093696e-03
329,8.889209e-03,4.814307e-03,3.685607e-03,7.026770e-03
330,8.835916e-03,4.751340e-03,3.618274e-03,6.961979e-03
331,8.784238e-03,4.690861e-03,3.552079e-03,6.899109e-03
332,8.733906e-03,4.632521e-03,3.487054e-03,6.838047e-03
333,8.684769e-03,4.576154e-03,3.423223e-03,6.778717e-03
334,8.636741e-03,4.521678e-03,3.360612e-03,6.721061e-03
335,8.589768e-03,4.469047e-03,3.299239e-03,6.665039e-03
336,8.543807e-03,4.418220e-03,3.239121e-03,6.610617e-03
337,8.498823e-03,4.369157e-03,3.180274e-03,6.557764e-03
338,8.454784e-03,4.321813e-03,3.122707e-03,6.506449e-03
339,8.411596e-03,4.276041e-03,3.066429e-03,6.456607e-03
340,8.368580e-03,4.230920e-03,3.011445e-03,6.407959e-03
341,8.326843e-03,4.188068e-03,2.957758e-03,6.360850e-03
342,8.286188e-03,4.147052e-03,2.905369e-03,6.315174e-03
343,8.246443e-03,4.107590e-03,2.854274e-03,6.270828e-03
344,8.207520e-03,4.069551e-03,2.804470e-03,6.227742e-03
345,8.169368e-03,4.032852e-03,2.755949e-03,6.185865e-03
346,8.131947e-03,3.997425e-03,2.708702e-03,6.145153e-03
347,8.095227e-03,3.963208e-03,2.662717e-03,6.105571e-03
348,8.059155e-03,3.930084e-03,2.617981e-03,6.067079e-03
349,8.023751e-03,3.898086e-03,2.574476e-03,6.029667e-03
350,7.989020e-03,3.867226e-03,2.532186e-03,5.993322e-03
351,7.954895e-03,3.837361e-03,2.491090e-03,5.957998e-03
352,7.921344e-03,3.808420e-03,2.451169e-03,5.923664e-03
353,7.888344e-03,3.780348e-03,2.412399e-03,5.890287e-03
354,7.855859e-03,3.753074e-03,2.374756e-03,5.857828e-03
355,7.823438e-03,3.725912e-03,2.338218e-03,5.826093e-03
356,7.791460e-03,3.699518e-03,2.302759e-03,5.795188e-03
357,7.760262e-03,3.674269e-03,2.268352e-03,5.765222e-03
358,7.729656e-03,3.649816e-03,2.234973e-03,5.736104e-03
359,7.699554e-03,3.626016e-03,2.202594e-03,5.707781e-03
360,7.669905e-03,3.602788e-03,2.171190e-03,5.680220e-03
361,7.640646e-03,3.580040e-03,2.140732e-03,5.653383e-03
362,7.611782e-03,3.557781e-03,2.111195e-03,5.627249e-03
363,7.583335e-03,3.536026e-03,2.082551e-03,5.601808e-03
364,7.555277e-03,3.514716e-03,2.054774e-03,5.577033e-03
365,7.527591e-03,3.493814e-03,2.027837e-03,5.552896e-03
366,7.500263e-03,3.473296e-03,2.001712e-03,5.529373e-03
367,7.473283e-03,3.453140e-03,1.976374e-03,5.506437e-03
368,7.446640e-03,3.433327e-03,1.951796e-03,5.484064e-03
369,7.420323e-03,3.413836e-03,1.927953e-03,5.462226e-03
370,7.394332e-03,3.394668e-03,1.904819e-03,5.440901e-03
371,7.368649e-03,3.375799e-03,1.882369e-03,5.420057e-03
372,7.342997e-03,3.356787e-03,1.860578e-03,5.399566e-03
373,7.317521e-03,3.337949e-03,1.839423e-03,5.379453e-03
374,7.292574e-03,3.319780e-03,1.818879e-03,5.359837e-03
375,7.268017e-03,3.302016e-03,1.798924e-03,5.340647e-03
376,7.243786e-03,3.284556e-03,1.779535e-03,5.321843e-03
377,7.219847e-03,3.267359e-03,1.760691e-03,5.303397e-03
378,7.196182e-03,3.250403e-03,1.742369e-03,5.285289e-03
379,7.172778e-03,3.233679e-03,1.724549e-03,5.267499e-03
380,7.149625e-03,3.217175e-03,1.707210e-03,5.250014e-03
381,7.126703e-03,3.200868e-03,1.690333e-03,5.232814e-03
382,7.103897e-03,3.184569e-03,1.673898e-03,5.215846e-03
383,7.081324e-03,3.168523e-03,1.657887e-03,5.199141e-03
384,7.059084e-03,3.152872e-03,1.642282e-03,5.182729e-03
385,7.037099e-03,3.137474e-03,1.627066e-03,5.166573e-03
386,7.015337e-03,3.122282e-03,1.612222e-03,5.150651e-03
387,6.993777e-03,3.107274e-03,1.597734e-03,5.134946e-03
388,6.972300e-03,3.092256e-03,1.583588e-03,5.119402e-03
389,6.950836e-03,3.077166e-03,1.569769e-03,5.103977e-03
390,6.929747e-03,3.062611e-03,1.556262e-03,5.088801e-03
391,6.908946e-03,3.048398e-03,1.543055e-03,5.073831e-03
392,6.888379e-03,3.034442e-03,1.530135e-03,5.059040e-03
393,6.868024e-03,3.020715e-03,1.517490e-03,5.044411e-03
394,6.847867e-03,3.007205e-03,1.505108e-03,5.029933e-03
395,6.827900e-03,2.993910e-03,1.492978e-03,5.015597e-03
396,6.808117e-03,2.980827e-03,1.481090e-03,5.001394e-03
397,6.788514e-03,2.967957e-03,1.469435e-03,4.987319e-03
398,6.769079e-03,2.955286e-03,1.458002e-03,4.973361e-03
399,6.749720e-03,2.942640e-03,1.446783e-03,4.959480e-03
400,6.730332e-03,2.929854e-03,1.435770e-03,4.945629e-03
401,6.711241e-03,2.917560e-03,1.424955e-03,4.931929e-03
402,6.692406e-03,2.905647e-03,1.414331e-03,4.918360e-03
403,6.673780e-03,2.894022e-03,1.403890e-03,4.904900e-03
404,6.655334e-03,2.882639e-03,1.393626e-03,4.891540e-03
405,6.637052e-03,2.871474e-03,1.383532e-03,4.878270e-03
406,6.618924e-03,2.860515e-03,1.373604e-03,4.865085e-03
407,6.600943e-03,2.849756e-03,1.363834e-03,4.851980e-03
408,6.583102e-03,2.839190e-03,1.354218e-03,4.838952e-03
409,6.565396e-03,2.828815e-03,1.344751e-03,4.825997e-03
410,6.547822e-03,2.818627e-03,1.335428e-03,4.813112e-03
411,6.530372e-03,2.808615e-03,1.326244e-03,4.800294e-03
412,6.512995e-03,2.798704e-03,1.317195e-03,4.787524e-03
413,6.495646e-03,2.788843e-03,1.308277e-03,4.774781e-03
414,6.478490e-03,2.779298e-03,1.299487e-03,4.762126e-03
415,6.461502e-03,2.770001e-03,1.290819e-03,4.749551e-03
416,6.444650e-03,2.760900e-03,1.282272e-03,4.737042e-03
417,6.427918e-03,2.751971e-03,1.273842e-03,4.724594e-03
418,6.411298e-03,2.743204e-03,1.265526e-03,4.712202e-03
419,6.394783e-03,2.734592e-03,1.257321e-03,4.699864e-03
420,6.378369e-03,2.726133e-03,1.249224e-03,4.687576e-03
421,6.362056e-03,2.717821e-03,1.241234e-03,4.675338e-03
422,6.345839e-03,2.709656e-03,1.233346e-03,4.663149e-03
423,6.329719e-03,2.701635e-03,1.225560e-03,4.651007e-03
424,6.313693e-03,2.693756e-03,1.217873e-03,4.638911e-03
425,6.297761e-03,2.686018e-03,1.210283e-03,4.626861e-03
426,6.281921e-03,2.678417e-03,1.202787e-03,4.614855e-03
427,6.266174e-03,2.670952e-03,1.195384e-03,4.602893e-03
428,6.250517e-03,2.663621e-03,1.188072e-03,4.590973e-03
429,6.234951e-03,2.656422e-03,1.180849e-03,4.579093e-03
430,6.219474e-03,2.649352e-03,1.173713e-03,4.567254e-03
431,6.204084e-03,2.642407e-03,1.166663e-03,4.555453e-03
432,6.188783e-03,2.635586e-03,1.159697e-03,4.543690e-03
433,6.173567e-03,2.628885e-03,1.152814e-03,4.531965e-03
434,6.158438e-03,2.622300e-03,1.146012e-03,4.520278e-03
435,6.143393e-03,2.615829e-03,1.139290e-03,4.508628e-03
436,6.128432e-03,2.609469e-03,1.132647e-03,4.497016e-03
437,6.113555e-03,2.603216e-03,1.126082e-03,4.485441e-03
438,6.098762e-03,2.597069e-03,1.119593e-03,4.473906e-03
439,6.084052e-03,2.591026e-03,1.113179e-03,4.462410e-03
440,6.069426e-03,2.585083e-03,1.106839e-03,4.450953e-03
441,6.054882e-03,2.579237e-03,1.100573e-03,4.439536e-03
442,6.040420e-03,2.573485e-03,1.094378e-03,4.428159e-03
443,6.026040e-03,2.567824e-03,1.088254e-03,4.416822e-03
444,6.011742e-03,2.562254e-03,1.082200e-03,4.405526e-03
445,5.997525e-03,2.556771e-03,1.076214e-03,4.394272e-03
446,5.983391e-03,2.551375e-03,1.070297e-03,4.383060e-03
447,5.969339e-03,2.546063e-03,1.064447e-03,4.371890e-03
448,5.955370e-03,2.540833e-03,1.058662e-03,4.360762e-03
449,5.941481e-03,2.535682e-03,1.052943e-03,4.349677e-03
450,5.927675e-03,2.530606e-03,1.047288e-03,4.338635e-03
451,5.913949e-03,2.525604e-03,1.041697e-03,4.327637e-03
452,5.900300e-03,2.520665e-03,1.036168e-03,4.316680e-03
453,5.886695e-03,2.515739e-03,1.030700e-03,4.305753e-03
454,5.873098e-03,2.510778e-03,1.025294e-03,4.294841e-03
455,5.859631e-03,2.505980e-03,1.019947e-03,4.283989e-03
456,5.846291e-03,2.501314e-03,1.014660e-03,4.273200e-03
457,5.833058e-03,2.496740e-03,1.009430e-03,4.262467e-03
458,5.819922e-03,2.492239e-03,1.004259e-03,4.251787e-03
459,5.806874e-03,2.487796e-03,9.991433e-04,4.241155e-03
460,5.793903e-03,2.483399e-03,9.940838e-04,4.230568e-03
461,5.781014e-03,2.479057e-03,9.890793e-04,4.220028e-03
462,5.768211e-03,2.474775e-03,9.841291e-04,4.209538e-03
463,5.755492e-03,2.470547e-03,9.792325e-04,4.199097e-03
464,5.742859e-03,2.466370e-03,9.743886e-04,4.188709e-03
465,5.730313e-03,2.462243e-03,9.695966e-04,4.178373e-03
466,5.717853e-03,2.458165e-03,9.648557e-04,4.168089e-03
467,5.705482e-03,2.454135e-03,9.601650e-04,4.157860e-03
468,5.693200e-03,2.450155e-03,9.555237e-04,4.147685e-03
469,5.681008e-03,2.446222e-03,9.509309e-04,4.137563e-03
470,5.668906e-03,2.442336e-03,9.463858e-04,4.127496e-03
471,5.656894e-03,2.438496e-03,9.418878e-04,4.117483e-03
472,5.644973e-03,2.434701e-03,9.374359e-04,4.107524e-03
473,5.633143e-03,2.430950e-03,9.330294e-04,4.097618e-03
474,5.621403e-03,2.427241e-03,9.286677e-04,4.087766e-03
475,5.609755e-03,2.423573e-03,9.243500e-04,4.077968e-03
476,5.598197e-03,2.419945e-03,9.200755e-04,4.068223e-03
477,5.586730e-03,2.416358e-03,9.158435e-04,4.058533e-03
478,5.575355e-03,2.412809e-03,9.116534e-04,4.048898e-03
479,5.564072e-03,2.409298e-03,9.075044e-04,4.039319e-03
480,5.552881e-03,2.405825e-03,9.033959e-04,4.029795e-03
481,5.541783e-03,2.402388e-03,8.993270e-04,4.020327e-03
482,5.530776e-03,2.398987e-03,8.952972e-04,4.010917e-03
483,5.519862e-03,2.395620e-03,8.913057e-04,4.001565e-03
484,5.509040e-03,2.392287e-03,8.873518e-04,3.992270e-03
485,5.498310e-03,2.388987e-03,8.834349e-04,3.983034e-03
486,5.487673e-03,2.385718e-03,8.795542e-04,3.973856e-03
487,5.477126e-03,2.382480e-03,8.757090e-04,3.964737e-03
488,5.466672e-03,2.379272e-03,8.718988e-04,3.955677e-03
489,5.456308e-03,2.376093e-03,8.681229e-04,3.946676e-03
490,5.446036e-03,2.372943e-03,8.643806e-04,3.937735e-03
491,5.435854e-03,2.369819e-03,8.606713e-04,3.928853e-03
492,5.425761e-03,2.366718e-03,8.569944e-04,3.920029e-03
493,5.415754e-03,2.363635e-03,8.533494e-04,3.911264e-03
494,5.405838e-03,2.360581e-03,8.497355e-04,3.902560e-03
495,5.396016e-03,2.357563e-03,8.461524e-04,3.893917e-03
496,5.386286e-03,2.354573e-03,8.425994e-04,3.885334e-03
497,5.376643e-03,2.351605e-03,8.390760e-04,3.876811e-03
498,5.367089e-03,2.348660e-03,8.355817e-04,3.868346e-03
499,5.357621e-03,2.345735e-03,8.321160e-04,3.859939e-03
500,5.348239e-03,2.342831e-03,8.286784e-04,3.851591e-03
501,5.338943e-03,2.339947e-03,8.252683e-04,3.843300e-03
502,5.329731e-03,2.337081e-03,8.218854e-04,3.835067e-03
503,5.320603e-03,2.334232e-03,8.185292e-04,3.826891e-03
504,5.311552e-03,2.331391e-03,8.151992e-04,3.818769e-03
505,5.302550e-03,2.328515e-03,8.118950e-04,3.810692e-03
506,5.293593e-03,2.325612e-03,8.086161e-04,3.802655e-03
507,5.284750e-03,2.322786e-03,8.053621e-04,3.794685e-03
508,5.276014e-03,2.320014e-03,8.021327e-04,3.786779e-03
509,5.267370e-03,2.317271e-03,7.989273e-04,3.778934e-03
510,5.258806e-03,2.314540e-03,7.957456e-04,3.771145e-03
511,5.250312e-03,2.311808e-03,7.925872e-04,3.763408e-03
512,5.241894e-03,2.309090e-03,7.894518e-04,3.755725e-03
513,5.233561e-03,2.306398e-03,7.863389e-04,3.748100e-03
514,5.225309e-03,2.303726e-03,7.832481e-04,3.740531e-03
515,5.217132e-03,2.301066e-03,7.801791e-04,3.733017e-03
516,5.209027e-03,2.298414e-03,7.771316e-04,3.725556e-03
517,5.200992e-03,2.295768e-03,7.741052e-04,3.718149e-03
518,5.193026e-03,2.293129e-03,7.710997e-04,3.710794e-03
519,5.185128e-03,2.290496e-03,7.681146e-04,3.703491e-03
520,5.177297e-03,2.287870e-03,7.651497e-04,3.696240e-03
521,5.169533e-03,2.285250e-03,7.622046e-04,3.689041e-03
522,5.161835e-03,2.282637e-03,7.592789e-04,3.681893e-03
523,5.154202e-03,2.280031e-03,7.563723e-04,3.674795e-03
524,5.146634e-03,2.277430e-03,7.534845e-04,3.667746e-03
525,5.139129e-03,2.274836e-03,7.506151e-04,3.660746e-03
526,5.131687e-03,2.272247e-03,7.477639e-04,3.653793e-03
527,5.124305e-03,2.269663e-03,7.449305e-04,3.646886e-03
528,5.116984e-03,2.267083e-03,7.421146e-04,3.640025e-03
529,5.109721e-03,2.264509e-03,7.393161e-04,3.633209e-03
530,5.102518e-03,2.261942e-03,7.365345e-04,3.626436e-03
531,5.095371e-03,2.259378e-03,7.337696e-04,3.619707e-03
532,5.088279e-03,2.256819e-03,7.310212e-04,3.613020e-03
533,5.081241e-03,2.254262e-03,7.282890e-04,3.606374e-03
534,5.074255e-03,2.251707e-03,7.255728e-04,3.599769e-03
535,5.067320e-03,2.249153e-03,7.228721e-04,3.593204e-03
536,5.060434e-03,2.246600e-03,7.201869e-04,3.586677e-03
537,5.053596e-03,2.244046e-03,7.175168e-04,3.580190e-03
538,5.046803e-03,2.241492e-03,7.148615e-04,3.573740e-03
539,5.040056e-03,2.238936e-03,7.122209e-04,3.567327e-03
540,5.033352e-03,2.236379e-03,7.095945e-04,3.560950e-03
541,5.026691e-03,2.233820e-03,7.069823e-04,3.554610e-03
542,5.020069e-03,2.231259e-03,7.043838e-04,3.548304e-03
543,5.013487e-03,2.228694e-03,7.017990e-04,3.542032e-03
544,5.006942e-03,2.226125e-03,6.992275e-04,3.535794e-03
545,5.000434e-03,2.223553e-03,6.966691e-04,3.529588e-03
546,4.993960e-03,2.220976e-03,6.941236e-04,3.523415e-03
547,4.987520e-03,2.218394e-03,6.915908e-04,3.517272e-03
548,4.981111e-03,2.215807e-03,6.890705e-04,3.511159e-03
549,4.974733e-03,2.213214e-03,6.865626e-04,3.505075e-03
550,4.968383e-03,2.210614e-03,6.840668e-04,3.499020e-03
551,4.962061e-03,2.208008e-03,6.815830e-04,3.492993e-03
552,4.955765e-03,2.205394e-03,6.791110e-04,3.486992e-03
553,4.949494e-03,2.202773e-03,6.766507e-04,3.481018e-03
554,4.943246e-03,2.200143e-03,6.742020e-04,3.475069e-03
555,4.937020e-03,2.197505e-03,6.717648e-04,3.469144e-03
556,4.930813e-03,2.194858e-03,6.693388e-04,3.463243e-03
557,4.924626e-03,2.192201e-03,6.669240e-04,3.457364e-03
558,4.918457e-03,2.189534e-03,6.645204e-04,3.451508e-03
559,4.912303e-03,2.186856e-03,6.621277e-04,3.445672e-03
560,4.906165e-03,2.184168e-03,6.597459e-04,3.439857e-03
561,4.900039e-03,2.181468e-03,6.573750e-04,3.434061e-03
562,4.893925e-03,2.178755e-03,6.550147e-04,3.428283e-03
563,4.887821e-03,2.176028e-03,6.526650e-04,3.422523e-03
564,4.881721e-03,2.173282e-03,6.503259e-04,3.416778e-03
565,4.875614e-03,2.170499e-03,6.479972e-04,3.411043e-03
566,4.869489e-03,2.167673e-03,6.456788e-04,3.405314e-03
567,4.863381e-03,2.164857e-03,6.433707e-04,3.399603e-03
568,4.857294e-03,2.162054e-03,6.410728e-04,3.393911e-03
569,4.851221e-03,2.159250e-03,6.387849e-04,3.388236e-03
570,4.845154e-03,2.156436e-03,6.365070e-04,3.382575e-03
571,4.839091e-03,2.153609e-03,6.342390e-04,3.376926e-03
572,4.833029e-03,2.150766e-03,6.319808e-04,3.371288e-03
573,4.826965e-03,2.147908e-03,6.297323e-04,3.365660e-03
574,4.820899e-03,2.145032e-03,6.274934e-04,3.360042e-03
575,4.814827e-03,2.142137e-03,6.252640e-04,3.354433e-03
576,4.808750e-03,2.139225e-03,6.230441e-04,3.348831e-03
577,4.802667e-03,2.136297e-03,6.208334e-04,3.343237e-03
578,4.796577e-03,2.133352e-03,6.186319e-04,3.337651e-03
579,4.790479e-03,2.130392e-03,6.164395e-04,3.332070e-03
580,4.784372e-03,2.127414e-03,6.142561e-04,3.326495e-03
581,4.778254e-03,2.124418e-03,6.120816e-04,3.320925e-03
582,4.772123e-03,2.121404e-03,6.099158e-04,3.315359e-03
583,4.765980e-03,2.118371e-03,6.077587e-04,3.309797e-03
584,4.759823e-03,2.115320e-03,6.056101e-04,3.304237e-03
585,4.753651e-03,2.112250e-03,6.034701e-04,3.298679e-03
586,4.747463e-03,2.109161e-03,6.013384e-04,3.293122e-03
587,4.741258e-03,2.106053e-03,5.992150e-04,3.287566e-03
588,4.735035e-03,2.102926e-03,5.970997e-04,3.282009e-03
589,4.728793e-03,2.099779e-03,5.949925e-04,3.276451e-03
590,4.722532e-03,2.096612e-03,5.928933e-04,3.270891e-03
591,4.716249e-03,2.093425e-03,5.908019e-04,3.265328e-03
592,4.709945e-03,2.090217e-03,5.887183e-04,3.259762e-03
593,4.703618e-03,2.086989e-03,5.866423e-04,3.254192e-03
594,4.697267e-03,2.083739e-03,5.845738e-04,3.248617e-03
595,4.690891e-03,2.080465e-03,5.825128e-04,3.243036e-03
596,4.684486e-03,2.077166e-03,5.804591e-04,3.237449e-03
597,4.678055e-03,2.073844e-03,5.784125e-04,3.231855e-03
598,4.671599e-03,2.070508e-03,5.763731e-04,3.226255e-03
599,4.665118e-03,2.067155e-03,5.743406e-04,3.220648e-03
600,4.658609e-03,2.063780e-03,5.723149e-04,3.215033e-03
601,4.652069e-03,2.060382e-03,5.702960e-04,3.209409e-03
602,4.645497e-03,2.056958e-03,5.682836e-04,3.203774e-03
603,4.638887e-03,2.053505e-03,5.662778e-04,3.198126e-03
604,4.632244e-03,2.050028e-03,5.642784e-04,3.192466e-03
605,4.625571e-03,2.046535e-03,5.622852e-04,3.186796e-03
606,4.618871e-03,2.043027e-03,5.602982e-04,3.181115e-03
607,4.612139e-03,2.039501e-03,5.583172e-04,3.175423e-03
608,4.605375e-03,2.035954e-03,5.563422e-04,3.169718e-03
609,4.598577e-03,2.032384e-03,5.543730e-04,3.164000e-03
610,4.591743e-03,2.028791e-03,5.524097e-04,3.158269e-03
611,4.584872e-03,2.025176e-03,5.504520e-04,3.152523e-03
612,4.577964e-03,2.021536e-03,5.485000e-04,3.146762e-03
613,4.571017e-03,2.017873e-03,5.465536e-04,3.140987e-03
614,4.564032e-03,2.014187e-03,5.446127e-04,3.135196e-03
615,4.557007e-03,2.010477e-03,5.426773e-04,3.129390e-03
616,4.549942e-03,2.006745e-03,5.407471e-04,3.123568e-03
617,4.542837e-03,2.002988e-03,5.388223e-04,3.117729e-03
618,4.535692e-03,1.999209e-03,5.369027e-04,3.111873e-03
619,4.528505e-03,1.995407e-03,5.349881e-04,3.106001e-03
620,4.521277e-03,1.991582e-03,5.330787e-04,3.100110e-03
621,4.514007e-03,1.987733e-03,5.311742e-04,3.094202e-03
622,4.506694e-03,1.983862e-03,5.292746e-04,3.088274e-03
623,4.499337e-03,1.979967e-03,5.273798e-04,3.082328e-03
624,4.491937e-03,1.976048e-03,5.254898e-04,3.076361e-03
625,4.484490e-03,1.972103e-03,5.236045e-04,3.070373e-03
626,4.476991e-03,1.968124e-03,5.217239e-04,3.064362e-03
627,4.469436e-03,1.964105e-03,5.198478e-04,3.058325e-03
628,4.461833e-03,1.960067e-03,5.179762e-04,3.052266e-03
629,4.454194e-03,1.956020e-03,5.161091e-04,3.046187e-03
630,4.446514e-03,1.951960e-03,5.142462e-04,3.040088e-03
631,4.438791e-03,1.947881e-03,5.123877e-04,3.033968e-03
632,4.431022e-03,1.943780e-03,5.105332e-04,3.027824e-03
633,4.423206e-03,1.939657e-03,5.086829e-04,3.021657e-03
634,4.415342e-03,1.935509e-03,5.068365e-04,3.015466e-03
635,4.407428e-03,1.931337e-03,5.049940e-04,3.009251e-03
636,4.399465e-03,1.927140e-03,5.031552e-04,3.003011e-03
637,4.391452e-03,1.922919e-03,5.013200e-04,2.996745e-03
638,4.383387e-03,1.918674e-03,4.994883e-04,2.990454e-03
639,4.375272e-03,1.914403e-03,4.976600e-04,2.984137e-03
640,4.367104e-03,1.910109e-03,4.958350e-04,2.977794e-03
641,4.358884e-03,1.905789e-03,4.940132e-04,2.971424e-03
642,4.350611e-03,1.901445e-03,4.921944e-04,2.965028e-03
643,4.342285e-03,1.897077e-03,4.903785e-04,2.958605e-03
644,4.333906e-03,1.892683e-03,4.885655e-04,2.952155e-03
645,4.325472e-03,1.888266e-03,4.867552e-04,2.945678e-03
646,4.316984e-03,1.883823e-03,4.849476e-04,2.939173e-03
647,4.308441e-03,1.879356e-03,4.831425e-04,2.932639e-03
648,4.299843e-03,1.874864e-03,4.813399e-04,2.926078e-03
649,4.291189e-03,1.870347e-03,4.795397e-04,2.919488e-03
650,4.282479e-03,1.865806e-03,4.777418e-04,2.912869e-03
651,4.273713e-03,1.861239e-03,4.759461e-04,2.906220e-03
652,4.264890e-03,1.856648e-03,4.741525e-04,2.899542e-03
653,4.256010e-03,1.852031e-03,4.723610e-04,2.892833e-03
654,4.247073e-03,1.847390e-03,4.705715e-04,2.886094e-03
655,4.238078e-03,1.842723e-03,4.687838e-04,2.879325e-03
656,4.229025e-03,1.838032e-03,4.669981e-04,2.872524e-03
657,4.219914e-03,1.833315e-03,4.652140e-04,2.865692e-03
658,4.210745e-03,1.828573e-03,4.634317e-04,2.858829e-03
659,4.201517e-03,1.823806e-03,4.616510e-04,2.851933e-03
660,4.192229e-03,1.819012e-03,4.598718e-04,2.845006e-03
661,4.182880e-03,1.814192e-03,4.580941e-04,2.838046e-03
662,4.173471e-03,1.809343e-03,4.563178e-04,2.831053e-03
663,4.164002e-03,1.804470e-03,4.545428e-04,2.824027e-03
664,4.154473e-03,1.799575e-03,4.527690e-04,2.816968e-03
665,4.144886e-03,1.794657e-03,4.509964e-04,2.809877e-03
666,4.135239e-03,1.789713e-03,4.492248e-04,2.802753e-03
667,4.125530e-03,1.784742e-03,4.474542e-04,2.795595e-03
668,4.115758e-03,1.779742e-03,4.456846e-04,2.788402e-03
669,4.105921e-03,1.774708e-03,4.439158e-04,2.781173e-03
670,4.096018e-03,1.769643e-03,4.421477e-04,2.773909e-03
671,4.086057e-03,1.764559e-03,4.403804e-04,2.766610e-03
672,4.076041e-03,1.759459e-03,4.386137e-04,2.759280e-03
673,4.065968e-03,1.754342e-03,4.368476e-04,2.751916e-03
674,4.055837e-03,1.749205e-03,4.350819e-04,2.744519e-03
675,4.045648e-03,1.744046e-03,4.333168e-04,2.737089e-03
676,4.035398e-03,1.738865e-03,4.315520e-04,2.729624e-03
677,4.025089e-03,1.733660e-03,4.297876e-04,2.722125e-03
678,4.014719e-03,1.728432e-03,4.280236e-04,2.714592e-03
679,4.004289e-03,1.723181e-03,4.262598e-04,2.707025e-03
680,3.993797e-03,1.717906e-03,4.244962e-04,2.699424e-03
681,3.983245e-03,1.712609e-03,4.227328e-04,2.691788e-03
682,3.972633e-03,1.707287e-03,4.209696e-04,2.684119e-03
683,3.961959e-03,1.701943e-03,4.192066e-04,2.676414e-03
684,3.951224e-03,1.696576e-03,4.174436e-04,2.668676e-03
685,3.940429e-03,1.691185e-03,4.156808e-04,2.660903e-03
686,3.929573e-03,1.685772e-03,4.139179e-04,2.653097e-03
687,3.918656e-03,1.680336e-03,4.121551e-04,2.645256e-03
688,3.907678e-03,1.674878e-03,4.103924e-04,2.637380e-03
689,3.896639e-03,1.669397e-03,4.086296e-04,2.629471e-03
690,3.885539e-03,1.663893e-03,4.068667e-04,2.621527e-03
691,3.874379e-03,1.658367e-03,4.051038e-04,2.613549e-03
692,3.863159e-03,1.652819e-03,4.033408e-04,2.605536e-03
693,3.851878e-03,1.647248e-03,4.015777e-04,2.597489e-03
694,3.840536e-03,1.641656e-03,3.998145e-04,2.589408e-03
695,3.829135e-03,1.636042e-03,3.980511e-04,2.581291e-03
696,3.817674e-03,1.630406e-03,3.962875e-04,2.573141e-03
697,3.806152e-03,1.624748e-03,3.945237e-04,2.564955e-03
698,3.794572e-03,1.619069e-03,3.927596e-04,2.556736e-03
699,3.782932e-03,1.613370e-03,3.909952e-04,2.548481e-03
700,3.771232e-03,1.607649e-03,3.892305e-04,2.540193e-03
701,3.759474e-03,1.601907e-03,3.874654e-04,2.531870e-03
702,3.747657e-03,1.596145e-03,3.857000e-04,2.523513e-03
703,3.735782e-03,1.590363e-03,3.839341e-04,2.515122e-03
704,3.723849e-03,1.584561e-03,3.821677e-04,2.506697e-03
705,3.711858e-03,1.578739e-03,3.804008e-04,2.498238e-03
706,3.699809e-03,1.572897e-03,3.786333e-04,2.489745e-03
707,3.687704e-03,1.567036e-03,3.768652e-04,2.481219e-03
708,3.675541e-03,1.561156e-03,3.750966e-04,2.472660e-03
709,3.663322e-03,1.555257e-03,3.733272e-04,2.464068e-03
710,3.651047e-03,1.549339e-03,3.715572e-04,2.455442e-03
711,3.638716e-03,1.543403e-03,3.697864e-04,2.446784e-03
712,3.626329e-03,1.537448e-03,3.680150e-04,2.438093e-03
713,3.613887e-03,1.531476e-03,3.662427e-04,2.429370e-03
714,3.601390e-03,1.525485e-03,3.644698e-04,2.420614e-03
715,3.588839e-03,1.519477e-03,3.626960e-04,2.411827e-03
716,3.576234e-03,1.513451e-03,3.609215e-04,2.403008e-03
717,3.563575e-03,1.507409e-03,3.591463e-04,2.394157e-03
718,3.550863e-03,1.501349e-03,3.573703e-04,2.385275e-03
719,3.538098e-03,1.495272e-03,3.555936e-04,2.376362e-03
720,3.525281e-03,1.489179e-03,3.538162e-04,2.367418e-03
721,3.512411e-03,1.483069e-03,3.520381e-04,2.358444e-03
722,3.499490e-03,1.476943e-03,3.502593e-04,2.349439e-03
723,3.486519e-03,1.470801e-03,3.484799e-04,2.340405e-03
724,3.473496e-03,1.464644e-03,3.467000e-04,2.331341e-03
725,3.460423e-03,1.458471e-03,3.449195e-04,2.322247e-03
726,3.447301e-03,1.452282e-03,3.431386e-04,2.313124e-03
727,3.434129e-03,1.446079e-03,3.413571e-04,2.303973e-03
728,3.420909e-03,1.439861e-03,3.395753e-04,2.294793e-03
729,3.407641e-03,1.433628e-03,3.377932e-04,2.285586e-03
730,3.394324e-03,1.427381e-03,3.360108e-04,2.276350e-03
731,3.380961e-03,1.421121e-03,3.342281e-04,2.267087e-03
732,3.367552e-03,1.414846e-03,3.324452e-04,2.257797e-03
733,3.354096e-03,1.408558e-03,3.306622e-04,2.248480e-03
734,3.340595e-03,1.402256e-03,3.288792e-04,2.239137e-03
735,3.327049e-03,1.395942e-03,3.270961e-04,2.229768e-03
736,3.313458e-03,1.389615e-03,3.253131e-04,2.220373e-03
737,3.299825e-03,1.383276e-03,3.235301e-04,2.210953e-03
738,3.286148e-03,1.376924e-03,3.217473e-04,2.201509e-03
739,3.272428e-03,1.370561e-03,3.199647e-04,2.192039e-03
740,3.258667e-03,1.364186e-03,3.181824e-04,2.182546e-03
741,3.244864e-03,1.357800e-03,3.164004e-04,2.173029e-03
742,3.231021e-03,1.351403e-03,3.146187e-04,2.163489e-03
743,3.217138e-03,1.344995e-03,3.128375e-04,2.153926e-03
744,3.203216e-03,1.338577e-03,3.110568e-04,2.144341e-03
745,3.189256e-03,1.332149e-03,3.092766e-04,2.134734e-03
746,3.175257e-03,1.325711e-03,3.074969e-04,2.125105e-03
747,3.161221e-03,1.319264e-03,3.057179e-04,2.115455e-03
748,3.147149e-03,1.312807e-03,3.039396e-04,2.105784e-03
749,3.133041e-03,1.306342e-03,3.021621e-04,2.096093e-03
750,3.118898e-03,1.299869e-03,3.003854e-04,2.086383e-03
751,3.104721e-03,1.293387e-03,2.986095e-04,2.076653e-03
752,3.090510e-03,1.286898e-03,2.968345e-04,2.066904e-03
753,3.076267e-03,1.280401e-03,2.950606e-04,2.057137e-03
754,3.061991e-03,1.273897e-03,2.932876e-04,2.047352e-03
755,3.047684e-03,1.267386e-03,2.915157e-04,2.037550e-03
756,3.033347e-03,1.260868e-03,2.897450e-04,2.027730e-03
757,3.018979e-03,1.254345e-03,2.879755e-04,2.017894e-03
758,3.004583e-03,1.247816e-03,2.862073e-04,2.008043e-03
759,2.990158e-03,1.241281e-03,2.844404e-04,1.998175e-03
760,2.975707e-03,1.234741e-03,2.826749e-04,1.988293e-03
761,2.961228e-03,1.228196e-03,2.809108e-04,1.978397e-03
762,2.946724e-03,1.221647e-03,2.791482e-04,1.968486e-03
763,2.932194e-03,1.215094e-03,2.773873e-04,1.958562e-03
764,2.917641e-03,1.208537e-03,2.756279e-04,1.948625e-03
765,2.903064e-03,1.201977e-03,2.738703e-04,1.938676e-03
766,2.888465e-03,1.195414e-03,2.721145e-04,1.928715e-03
767,2.873844e-03,1.188848e-03,2.703605e-04,1.918742e-03
768,2.859202e-03,1.182280e-03,2.686084e-04,1.908759e-03
769,2.844540e-03,1.175710e-03,2.668583e-04,1.898766e-03
770,2.829859e-03,1.169138e-03,2.651102e-04,1.888763e-03
771,2.815160e-03,1.162565e-03,2.633643e-04,1.878750e-03
772,2.800443e-03,1.155991e-03,2.616206e-04,1.868729e-03
773,2.785710e-03,1.149417e-03,2.598791e-04,1.858700e-03
774,2.770961e-03,1.142842e-03,2.581400e-04,1.848664e-03
775,2.756197e-03,1.136268e-03,2.564032e-04,1.838620e-03
776,2.741419e-03,1.129694e-03,2.546690e-04,1.828570e-03
777,2.726628e-03,1.123121e-03,2.529373e-04,1.818514e-03
778,2.711825e-03,1.116549e-03,2.512083e-04,1.808453e-03
779,2.697010e-03,1.109979e-03,2.494819e-04,1.798387e-03
780,2.682185e-03,1.103411e-03,2.477583e-04,1.788317e-03
781,2.667350e-03,1.096845e-03,2.460376e-04,1.778244e-03
782,2.652507e-03,1.090281e-03,2.443198e-04,1.768167e-03
783,2.637655e-03,1.083721e-03,2.426051e-04,1.758088e-03
784,2.622797e-03,1.077164e-03,2.408934e-04,1.748007e-03
785,2.607933e-03,1.070611e-03,2.391849e-04,1.737925e-03
786,2.593063e-03,1.064062e-03,2.374796e-04,1.727842e-03
787,2.578189e-03,1.057517e-03,2.357776e-04,1.717758e-03
788,2.563312e-03,1.050977e-03,2.340790e-04,1.707675e-03
789,2.548432e-03,1.044443e-03,2.323839e-04,1.697593e-03
790,2.533551e-03,1.037913e-03,2.306923e-04,1.687513e-03
791,2.518669e-03,1.031390e-03,2.290044e-04,1.677435e-03
792,2.503787e-03,1.024873e-03,2.273201e-04,1.667359e-03
793,2.488906e-03,1.018362e-03,2.256396e-04,1.657287e-03
794,2.474027e-03,1.011859e-03,2.239630e-04,1.647219e-03
795,2.459151e-03,1.005362e-03,2.222903e-04,1.637154e-03
796,2.444279e-03,9.988733e-04,2.206216e-04,1.627095e-03
797,2.429411e-03,9.923924e-04,2.189570e-04,1.617042e-03
798,2.414549e-03,9.859197e-04,2.172966e-04,1.606995e-03
799,2.399693e-03,9.794557e-04,2.156404e-04,1.596954e-03
800,2.384844e-03,9.730006e-04,2.139885e-04,1.586920e-03
801,2.370004e-03,9.665548e-04,2.123409e-04,1.576895e-03
802,2.355172e-03,9.601187e-04,2.106979e-04,1.566878e-03
803,2.340351e-03,9.536925e-04,2.090593e-04,1.556870e-03
804,2.325540e-03,9.472767e-04,2.074254e-04,1.546871e-03
805,2.310741e-03,9.408715e-04,2.057962e-04,1.536883e-03
806,2.295955e-03,9.344773e-04,2.041717e-04,1.526905e-03
807,2.281181e-03,9.280944e-04,2.025521e-04,1.516938e-03
808,2.266423e-03,9.217232e-04,2.009373e-04,1.506983e-03
809,2.251679e-03,9.153639e-04,1.993275e-04,1.497041e-03
810,2.236951e-03,9.090169e-04,1.977228e-04,1.487111e-03
811,2.222240e-03,9.026825e-04,1.961232e-04,1.477195e-03
812,2.207547e-03,8.963610e-04,1.945288e-04,1.467293e-03
813,2.192873e-03,8.900528e-04,1.929396e-04,1.457405e-03
814,2.178217e-03,8.837581e-04,1.913558e-04,1.447533e-03
815,2.163582e-03,8.774774e-04,1.897773e-04,1.437676e-03
816,2.148969e-03,8.712108e-04,1.882043e-04,1.427835e-03
817,2.134376e-03,8.649587e-04,1.866369e-04,1.418011e-03
818,2.119807e-03,8.587214e-04,1.850750e-04,1.408205e-03
819,2.105261e-03,8.524992e-04,1.835189e-04,1.398416e-03
820,2.090740e-03,8.462924e-04,1.819684e-04,1.388645e-03
821,2.076244e-03,8.401013e-04,1.804237e-04,1.378893e-03
822,2.061774e-03,8.339262e-04,1.788850e-04,1.369161e-03
823,2.047330e-03,8.277674e-04,1.773521e-04,1.359448e-03
824,2.032914e-03,8.216252e-04,1.758252e-04,1.349756e-03
825,2.018527e-03,8.154999e-04,1.743044e-04,1.340085e-03
826,2.004169e-03,8.093917e-04,1.727896e-04,1.330435e-03
827,1.989840e-03,8.033010e-04,1.712811e-04,1.320807e-03
828,1.975543e-03,7.972279e-04,1.697788e-04,1.311201e-03
829,1.961276e-03,7.911729e-04,1.682827e-04,1.301618e-03
830,1.947042e-03,7.851361e-04,1.667930e-04,1.292059e-03
831,1.932841e-03,7.791178e-04,1.653098e-04,1.282523e-03
832,1.918674e-03,7.731184e-04,1.638329e-04,1.273012e-03
833,1.904541e-03,7.671380e-04,1.623626e-04,1.263525e-03
834,1.890444e-03,7.611770e-04,1.608989e-04,1.254064e-03
835,1.876382e-03,7.552355e-04,1.594418e-04,1.244629e-03
836,1.862357e-03,7.493139e-04,1.579914e-04,1.235220e-03
837,1.848370e-03,7.434123e-04,1.565477e-04,1.225837e-03
838,1.834420e-03,7.375311e-04,1.551108e-04,1.216482e-03
839,1.820509e-03,7.316704e-04,1.536807e-04,1.207154e-03
840,1.806638e-03,7.258306e-04,1.522575e-04,1.197854e-03
841,1.792807e-03,7.200118e-04,1.508412e-04,1.188582e-03
842,1.779016e-03,7.142144e-04,1.494319e-04,1.179340e-03
843,1.765267e-03,7.084384e-04,1.480296e-04,1.170127e-03
844,1.751561e-03,7.026842e-04,1.466343e-04,1.160943e-03
845,1.737897e-03,6.969520e-04,1.452462e-04,1.151790e-03
846,1.724276e-03,6.912419e-04,1.438653e-04,1.142667e-03
847,1.710700e-03,6.855543e-04,1.424915e-04,1.133575e-03
848,1.697168e-03,6.798893e-04,1.411250e-04,1.124515e-03
849,1.683682e-03,6.742471e-04,1.397657e-04,1.115486e-03
850,1.670241e-03,6.686279e-04,1.384138e-04,1.106489e-03
851,1.656847e-03,6.630320e-04,1.370692e-04,1.097525e-03
852,1.643500e-03,6.574595e-04,1.357320e-04,1.088594e-03
853,1.630201e-03,6.519107e-04,1.344023e-04,1.079696e-03
854,1.616950e-03,6.463856e-04,1.330800e-04,1.070832e-03
855,1.603748e-03,6.408846e-04,1.317652e-04,1.062002e-03
856,1.590595e-03,6.354078e-04,1.304579e-04,1.053206e-03
857,1.577493e-03,6.299553e-04,1.291582e-04,1.044445e-03
858,1.564440e-03,6.245274e-04,1.278660e-04,1.035719e-03
859,1.551439e-03,6.191242e-04,1.265816e-04,1.027028e-03
860,1.538490e-03,6.137459e-04,1.253047e-04,1.018374e-03
861,1.525592e-03,6.083927e-04,1.240355e-04,1.009755e-03
862,1.512747e-03,6.030646e-04,1.227741e-04,1.001172e-03
863,1.499955e-03,5.977620e-04,1.215203e-04,9.926265e-04
864,1.487217e-03,5.924849e-04,1.202744e-04,9.841178e-04
865,1.474532e-03,5.872334e-04,1.190362e-04,9.756463e-04
866,1.461903e-03,5.820078e-04,1.178058e-04,9.672124e-04
867,1.449328e-03,5.768081e-04,1.165832e-04,9.588165e-04
868,1.436808e-03,5.716346e-04,1.153684e-04,9.504587e-04
869,1.424344e-03,5.664873e-04,1.141616e-04,9.421393e-04
870,1.411937e-03,5.613664e-04,1.129626e-04,9.338587e-04
871,1.399586e-03,5.562719e-04,1.117715e-04,9.256170e-04
872,1.387293e-03,5.512041e-04,1.105883e-04,9.174146e-04
873,1.375057e-03,5.461630e-04,1.094131e-04,9.092517e-04
874,1.362879e-03,5.411488e-04,1.082457e-04,9.011285e-04
875,1.350759e-03,5.361616e-04,1.070864e-04,8.930454e-04
876,1.338698e-03,5.312014e-04,1.059350e-04,8.850024e-04
877,1.326696e-03,5.262684e-04,1.047916e-04,8.769999e-04
878,1.314753e-03,5.213628e-04,1.036562e-04,8.690381e-04
879,1.302870e-03,5.164845e-04,1.025288e-04,8.611171e-04
880,1.291047e-03,5.116336e-04,1.014093e-04,8.532373e-04
881,1.279285e-03,5.068104e-04,1.002979e-04,8.453987e-04
882,1.267583e-03,5.020148e-04,9.919456e-05,8.376017e-04
883,1.255942e-03,4.972469e-04,9.809920e-05,8.298463e-04
884,1.244363e-03,4.925069e-04,9.701187e-05,8.221328e-04
885,1.232845e-03,4.877947e-04,9.593257e-05,8.144614e-04
886,1.221390e-03,4.831106e-04,9.486129e-05,8.068322e-04
887,1.209996e-03,4.784544e-04,9.379806e-05,7.992453e-04
888,1.198665e-03,4.738264e-04,9.274285e-05,7.917011e-04
889,1.187397e-03,4.692265e-04,9.169568e-05,7.841995e-04
890,1.176191e-03,4.646548e-04,9.065653e-05,7.767409e-04
891,1.165049e-03,4.601114e-04,8.962542e-05,7.693252e-04
892,1.153970e-03,4.555963e-04,8.860232e-05,7.619526e-04
893,1.142955e-03,4.511096e-04,8.758725e-05,7.546234e-04
894,1.132004e-03,4.466513e-04,8.658019e-05,7.473375e-04
895,1.121116e-03,4.422214e-04,8.558113e-05,7.400951e-04
896,1.110293e-03,4.378200e-04,8.459008e-05,7.328964e-04
897,1.099535e-03,4.334472e-04,8.360701e-05,7.257414e-04
898,1.088841e-03,4.291028e-04,8.263193e-05,7.186303e-04
899,1.078212e-03,4.247871e-04,8.166482e-05,7.115630e-04
900,1.067647e-03,4.205000e-04,8.070567e-05,7.045398e-04
901,1.057148e-03,4.162414e-04,7.975446e-05,6.975607e-04
902,1.046714e-03,4.120116e-04,7.881120e-05,6.906258e-04
903,1.036346e-03,4.078103e-04,7.787585e-05,6.837352e-04
904,1.026042e-03,4.036377e-04,7.694841e-05,6.768889e-04
905,1.015805e-03,3.994938e-04,7.602887e-05,6.700870e-04
906,1.005633e-03,3.953786e-04,7.511720e-05,6.633295e-04
907,9.955266e-04,3.912920e-04,7.421339e-05,6.566165e-04
908,9.854863e-04,3.872341e-04,7.331742e-05,6.499480e-04
909,9.755120e-04,3.832049e-04,7.242927e-05,6.433242e-04
910,9.656037e-04,3.792043e-04,7.154893e-05,6.367449e-04
911,9.557615e-04,3.752323e-04,7.067638e-05,6.302103e-04
912,9.459854e-04,3.712890e-04,6.981158e-05,6.237204e-04
913,9.362755e-04,3.673743e-04,6.895453e-05,6.172751e-04
914,9.266318e-04,3.634881e-04,6.810519e-05,6.108745e-04
915,9.170544e-04,3.596306e-04,6.726355e-05,6.045186e-04
916,9.075433e-04,3.558015e-04,6.642958e-05,5.982075e-04
917,8.980985e-04,3.520010e-04,6.560326e-05,5.919410e-04
918,8.887200e-04,3.482290e-04,6.478456e-05,5.857192e-04
919,8.794078e-04,3.444854e-04,6.397346e-05,5.795421e-04
920,8.701619e-04,3.407702e-04,6.316992e-05,5.734097e-04
921,8.609823e-04,3.370834e-04,6.237393e-05,5.673219e-04
922,8.518689e-04,3.334248e-04,6.158545e-05,5.612787e-04
923,8.428218e-04,3.297946e-04,6.080445e-05,5.552802e-04
924,8.338409e-04,3.261926e-04,6.003091e-05,5.493261e-04
925,8.249262e-04,3.226187e-04,5.926480e-05,5.434166e-04
926,8.160775e-04,3.190730e-04,5.850608e-05,5.375515e-04
927,8.072950e-04,3.155553e-04,5.775473e-05,5.317308e-04
928,7.985784e-04,3.120657e-04,5.701071e-05,5.259544e-04
929,7.899277e-04,3.086040e-04,5.627399e-05,5.202224e-04
930,7.813428e-04,3.051701e-04,5.554454e-05,5.145346e-04
931,7.728237e-04,3.017641e-04,5.482233e-05,5.088909e-04
932,7.643703e-04,2.983858e-04,5.410732e-05,5.032914e-04
933,7.559824e-04,2.950352e-04,5.339947e-05,4.977358e-04
934,7.476599e-04,2.917122e-04,5.269876e-05,4.922242e-04
935,7.394028e-04,2.884167e-04,5.200515e-05,4.867564e-04
936,7.312110e-04,2.851487e-04,5.131860e-05,4.813324e-04
937,7.230842e-04,2.819080e-04,5.063908e-05,4.759520e-04
938,7.150224e-04,2.786946e-04,4.996655e-05,4.706153e-04
939,7.070255e-04,2.755084e-04,4.930098e-05,4.653219e-04
940,6.990933e-04,2.723493e-04,4.864232e-05,4.600720e-04
941,6.912256e-04,2.692173e-04,4.799055e-05,4.548653e-04
942,6.834223e-04,2.661122e-04,4.734561e-05,4.497017e-04
943,6.756832e-04,2.630339e-04,4.670748e-05,4.445812e-04
944,6.680082e-04,2.599824e-04,4.607612e-05,4.395036e-04
945,6.603971e-04,2.569575e-04,4.545148e-05,4.344688e-04
946,6.528498e-04,2.539592e-04,4.483354e-05,4.294766e-04
947,6.453660e-04,2.509873e-04,4.422224e-05,4.245270e-04
948,6.379456e-04,2.480418e-04,4.361755e-05,4.196197e-04
949,6.305883e-04,2.451226e-04,4.301943e-05,4.147548e-04
950,6.232940e-04,2.422295e-04,4.242784e-05,4.099319e-04
951,6.160625e-04,2.393624e-04,4.184273e-05,4.051511e-04
952,6.088936e-04,2.365212e-04,4.126407e-05,4.004120e-04
953,6.017870e-04,2.337059e-04,4.069182e-05,3.957147e-04
954,5.947426e-04,2.309163e-04,4.012593e-05,3.910589e-04
955,5.877602e-04,2.281523e-04,3.956637e-05,3.864445e-04
956,5.808394e-04,2.254138e-04,3.901308e-05,3.818713e-04
957,5.739801e-04,2.227006e-04,3.846603e-05,3.773392e-04
958,5.671821e-04,2.200127e-04,3.792518e-05,3.728480e-04
959,5.604450e-04,2.173499e-04,3.739048e-05,3.683975e-04
960,5.537688e-04,2.147122e-04,3.686189e-05,3.639876e-04
961,5.471531e-04,2.120993e-04,3.633937e-05,3.596180e-04
962,5.405976e-04,2.095112e-04,3.582287e-05,3.552888e-04
963,5.341022e-04,2.069478e-04,3.531236e-05,3.509995e-04
964,5.276666e-04,2.044089e-04,3.480778e-05,3.467501e-04
965,5.212905e-04,2.018944e-04,3.430909e-05,3.425405e-04
966,5.149736e-04,1.994041e-04,3.381625e-05,3.383703e-04
967,5.087157e-04,1.969380e-04,3.332922e-05,3.342395e-04
968,5.025165e-04,1.944959e-04,3.284794e-05,3.301478e-04
969,4.963758e-04,1.920778e-04,3.237239e-05,3.260950e-04
970,4.902932e-04,1.896833e-04,3.190250e-05,3.220810e-04
971,4.842686e-04,1.873125e-04,3.143825e-05,3.181056e-04
972,4.783015e-04,1.849652e-04,3.097958e-05,3.141685e-04
973,4.723918e-04,1.826413e-04,3.052644e-05,3.102696e-04
974,4.665390e-04,1.803405e-04,3.007880e-05,3.064087e-04
975,4.607431e-04,1.780629e-04,2.963661e-05,3.025856e-04
976,4.550035e-04,1.758082e-04,2.919983e-05,2.988000e-04
977,4.493202e-04,1.735764e-04,2.876840e-05,2.950518e-04
978,4.436926e-04,1.713672e-04,2.834229e-05,2.913407e-04
979,4.381207e-04,1.691806e-04,2.792145e-05,2.876666e-04
980,4.326039e-04,1.670163e-04,2.750583e-05,2.840293e-04
981,4.271421e-04,1.648744e-04,2.709540e-05,2.804285e-04
982,4.217350e-04,1.627546e-04,2.669009e-05,2.768640e-04
983,4.163821e-04,1.606567e-04,2.628988e-05,2.733356e-04
984,4.110833e-04,1.585807e-04,2.589472e-05,2.698431e-04
985,4.058382e-04,1.565264e-04,2.550455e-05,2.663864e-04
986,4.006464e-04,1.544937e-04,2.511935e-05,2.629650e-04
987,3.955077e-04,1.524824e-04,2.473905e-05,2.595789e-04
988,3.904217e-04,1.504924e-04,2.436362e-05,2.562279e-04
989,3.853882e-04,1.485235e-04,2.399301e-05,2.529117e-04
990,3.804067e-04,1.465756e-04,2.362718e-05,2.496300e-04
991,3.754770e-04,1.446485e-04,2.326608e-05,2.463827e-04
992,3.705987e-04,1.427422e-04,2.290967e-05,2.431696e-04
993,3.657716e-04,1.408564e-04,2.255791e-05,2.399904e-04
994,3.609952e-04,1.389910e-04,2.221074e-05,2.368449e-04
995,3.562693e-04,1.371459e-04,2.186813e-05,2.337329e-04
996,3.515935e-04,1.353209e-04,2.153004e-05,2.306541e-04
997,3.469674e-04,1.335159e-04,2.119641e-05,2.276083e-04
998,3.423908e-04,1.317307e-04,2.086721e-05,2.245954e-04
999,3.378634e-04,1.299652e-04,2.054238e-05,2.216150e-04
1000,3.333847e-04,1.282193e-04,2.022190e-05,2.186669e-04
